,min,max,mean,median,var
SepalLength,4.3,7.9,5.843333333333335,5.8,0.6856935123042505
SepalWidth,2.0,4.4,3.0540000000000007,3.0,0.18800402684563763
PetalLength,1.0,6.9,3.7586666666666693,4.35,3.1131794183445156
PetalWidth,0.1,2.5,1.1986666666666672,1.3,0.5824143176733784
