,min,max,mean,median,var
PassengerId,1.0,891.0,446.0,446.0,66231.0
Age,0.42,80.0,29.69911764705882,28.0,211.01912474630802
SibSp,0.0,8.0,0.5230078563411896,0.0,1.2160430774662985
Parch,0.0,6.0,0.38159371492704824,0.0,0.6497282437357343
Fare,0.0,512.3292,32.204207968574636,14.4542,2469.436845743116
