,min,max,mean,median,var
age,28.0,77.0,53.055105348460295,54.0,91.83137405544213
trestbps,0.0,200.0,132.37275985663084,130.0,393.15343976628503
chol,0.0,603.0,174.5792163543441,214.0,15462.913082661302
thalach,60.0,190.0,131.0427046263345,130.0,632.5899734206203
oldpeak,-2.0,5.0,0.7045045045045045,0.0,0.970286532019384
ca,0.0,9.0,1.5454545454545454,1.0,6.872727272727273
